Z,Symbol,N,A,N/Z,Stability,Coherence,Magic_Z,Magic_N
1,H,1,2,1.0,0.9852216748768474,0.899,False,False
2,He,2,4,1.0,1.0,0.898,True,True
3,Li,3,6,1.0,0.9569377990430623,0.897,False,False
4,Be,4,8,1.0,0.9433962264150942,0.896,False,False
5,B,5,10,1.0,0.930232558139535,0.895,False,False
6,C,6,12,1.0,0.9174311926605504,0.894,False,False
7,N,7,14,1.0,0.9049773755656109,0.893,False,False
8,O,8,16,1.0,1.0,0.892,True,True
9,F,9,18,1.0,0.8810572687224669,0.891,False,False
10,Ne,10,20,1.0,0.8695652173913044,0.89,False,False
11,Na,11,22,1.0,0.8583690987124464,0.889,False,False
12,Mg,12,24,1.0,0.8474576271186441,0.888,False,False
13,Al,13,26,1.0,0.8368200836820083,0.887,False,False
14,Si,14,28,1.0,0.8264462809917356,0.886,False,False
15,P,15,30,1.0,0.8163265306122448,0.885,False,False
16,S,16,32,1.0,0.8064516129032258,0.884,False,False
17,Cl,17,34,1.0,0.7968127490039841,0.883,False,False
18,Ar,18,36,1.0,0.7874015748031495,0.882,False,False
19,K,19,38,1.0,0.7782101167315175,0.881,False,False
20,Ca,20,40,1.0,0.9692307692307691,0.88,True,True
21,Sc,24,45,1.1428571428571428,0.8690928843020098,0.8775000000000001,False,False
22,Ti,25,47,1.1363636363636365,0.8544087491455913,0.8765000000000001,False,False
23,V,26,49,1.1304347826086956,0.8404719573298852,0.8755000000000001,False,False
24,Cr,28,52,1.1666666666666667,0.9578431372549021,0.874,False,True
25,Mn,29,54,1.16,0.8436363636363635,0.873,False,False
26,Fe,30,56,1.1538461538461537,0.8301051466519092,0.872,False,False
27,Co,31,58,1.1481481481481481,0.8171872940556214,0.871,False,False
28,Ni,32,60,1.1428571428571428,0.9048289738430583,0.87,True,False
29,Cu,33,62,1.1379310344827587,0.792983299291121,0.869,False,False
30,Zn,34,64,1.1333333333333333,0.7816091954022989,0.868,False,False
31,Ga,39,70,1.2580645161290323,0.8587471099856876,0.865,False,False
32,Ge,40,72,1.25,0.8445945945945946,0.864,False,False
33,As,41,74,1.2424242424242424,0.8310530049660484,0.863,False,False
34,Se,42,76,1.2352941176470589,0.8180755746007012,0.862,False,False
35,Br,44,79,1.2571428571428571,0.8243559718969555,0.8605,False,False
36,Kr,45,81,1.25,0.8116883116883117,0.8595,False,False
37,Rb,46,83,1.2432432432432432,0.7995133397062657,0.8585,False,False
38,Sr,48,86,1.263157894736842,0.8045591686221925,0.857,False,False
39,Y,49,88,1.2564102564102564,0.7926878589339157,0.856,False,False
40,Zr,50,90,1.25,0.88125,0.855,False,True
41,Nb,51,92,1.2439024390243902,0.7702182284980744,0.854,False,False
42,Mo,52,94,1.2380952380952381,0.759567630733275,0.853,False,False
43,Tc,54,97,1.255813953488372,0.763412737682901,0.8515,False,False
44,Ru,55,99,1.25,0.7530120481927711,0.8505,False,False
45,Rh,56,101,1.2444444444444445,0.7429519071310118,0.8495,False,False
46,Pd,58,104,1.2608695652173914,0.7460766658091074,0.848,False,False
47,Ag,59,106,1.2553191489361701,0.7362575653584575,0.847,False,False
48,Cd,60,108,1.25,0.7267441860465116,0.846,False,False
49,In,61,110,1.2448979591836735,0.7175204375698407,0.845,False,False
50,Sn,62,112,1.24,0.8085714285714286,0.844,True,False
51,Sb,64,115,1.2549019607843137,0.7109926123423873,0.8425,False,False
52,Te,65,117,1.25,0.702247191011236,0.8415,False,False
53,I,66,119,1.2452830188679245,0.6937509854417407,0.8405,False,False
54,Xe,68,122,1.2592592592592593,0.6957233476570492,0.839,False,False
55,Cs,69,124,1.2545454545454546,0.6874221668742218,0.8380000000000001,False,False
56,Ba,70,126,1.25,0.6793478260869565,0.837,False,False
57,La,71,128,1.2456140350877194,0.6714900458693905,0.8360000000000001,False,False
58,Ce,72,130,1.2413793103448276,0.6638392033929559,0.835,False,False
59,Pr,74,133,1.2542372881355932,0.6653778716899699,0.8335,False,False
60,Nd,75,135,1.25,0.6578947368421053,0.8325,False,False
61,Pm,79,140,1.2950819672131149,0.6762830115995377,0.8300000000000001,False,False
62,Sm,81,143,1.3064516129032258,0.6769179341467491,0.8285,False,False
63,Eu,82,145,1.3015873015873016,0.7691965560860162,0.8275,False,True
64,Gd,83,147,1.296875,0.6616709183673469,0.8265,False,False
65,Tb,84,149,1.2923076923076924,0.6543330087633885,0.8255,False,False
66,Dy,86,152,1.303030303030303,0.6547890970001522,0.8240000000000001,False,False
67,Ho,87,154,1.2985074626865671,0.6476346447314549,0.8230000000000001,False,False
68,Er,88,156,1.2941176470588236,0.6406523005241701,0.8220000000000001,False,False
69,Tm,90,159,1.3043478260869565,0.6409571626962931,0.8205,False,False
70,Yb,91,161,1.3,0.6341463414634148,0.8195,False,False
71,Lu,92,163,1.295774647887324,0.6274937762166217,0.8185,False,False
72,Hf,94,166,1.3055555555555556,0.6276709401709402,0.8170000000000001,False,False
73,Ta,95,168,1.3013698630136987,0.6211789322261092,0.8160000000000001,False,False
74,W,96,170,1.2972972972972974,0.6148328423209941,0.8150000000000001,False,False
75,Re,98,173,1.3066666666666666,0.6149019607843137,0.8135,False,False
76,Os,99,175,1.3026315789473684,0.6087063453025087,0.8125,False,False
77,Ir,100,177,1.2987012987012987,0.6026456142465422,0.8115,False,False
78,Pt,101,179,1.294871794871795,0.5967151128441451,0.8105,False,False
79,Au,103,182,1.3037974683544304,0.5967036468441329,0.809,False,False
80,Hg,104,184,1.3,0.5909090909090908,0.808,False,False
81,Tl,105,186,1.2962962962962963,0.5852353482150322,0.807,False,False
82,Pb,107,189,1.3048780487804879,0.685147107076452,0.8055,True,False
83,Bi,108,191,1.3012048192771084,0.5796012558027208,0.8045,False,False
84,Po,109,193,1.2976190476190477,0.5741677201854194,0.8035,False,False
85,At,110,195,1.2941176470588236,0.5688429217840982,0.8025,False,False
86,Rn,112,198,1.302325581395349,0.5687011272468773,0.801,False,False
87,Fr,113,200,1.2988505747126438,0.5634926571421448,0.8,False,False
88,Ra,114,202,1.2954545454545454,0.5583855799373041,0.799,False,False
89,Ac,116,205,1.303370786516854,0.5581887736688882,0.7975,False,False
90,Th,117,207,1.3,0.5531914893617023,0.7965,False,False
91,Pa,118,209,1.2967032967032968,0.5482889203819437,0.7955,False,False
92,U,120,212,1.3043478260869565,0.5480453050785532,0.794,False,False
